cancer,diabetes,stomach,asthma,LIVER,Heart
Sodium Benzoate,High fructose corn syrup,monsosodum glutamate,benzoic acid,Orange B,Trans Fat
potassium bromate,Unbleached enriched flour,sodium caseinate,maltodextrin,polychlorinated biphenyl,
nitrate/nitrite, Monosodium Glutamate,olestra,Azodicarbonamide,Acesulfame potassium,Olestra
acrylamid,butter,ammonium sulfate,Bleached starch,Agave nectar,Refined vegetable oil
furan,,Disodium inosinate,Bixin, Monosodium Glutamate,Canola oil
Tartrazine,,soy lecithin,Norbixin,,Sunflower oil
Artificial Food Coloring,,Olestra,Annatto,,Unbleached enriched flour
sodium nitrite,,Aspartame,Red 2,,niacin
High-Fructose Corn Syrup,,,Red 2 Lake,, Monosodium Glutamate
aspartame,,,Pectin,, egg
propyl gallate,,, Monosodium Glutamate,,butter
BHA/BHT,,,,,
Recombinant Bovine Growth Hormone,,,,,
Refined vegetable oil,,,,,
Propyl gallate,,,,,
Carrageenan,,,,,
Polysorbate 60,,,,,
Camauba wax,,,,,
Magnesium sulphate,,,,,
Chlorine dioxide,,,,,
Paraben,,,,,
Sodium carboxymethyl cellulose,,,,,
Saccharin,,,,,
Aluminum,,,,,
Acesulfame potassium,,,,,
Agave nectar,,,,,
Tert butylhydroquinone,,,,,
Red 40,,,,,
Blue 1,,,,,
Blue 2,,,,,
Citrus red 1,,,,,
Citrus red 2,,,,,
Green 3,,,,,
Yellow 5,,,,,
Yellow 6,,,,,
Red 2,,,,,
Red 3,,,,,
Caramel coloring,,,,,
Brown HT,,,,,
Sunflower Oil,,,,,
Red 40 Lake,,,,,
Blue 1 Lake,,,,,
Blue 2 Lake,,,,,
Citrus red 1 Lake,,,,,
Citrus red 2 Lake,,,,,
Green 3 Lake,,,,,
Yellow 5 Lake,,,,,
Yellow 6 Lake,,,,,
Red 2 Lake,,,,,
Red 3 Lake,,,,,
 tortilla chips,,,,,
 Monosodium Glutamate,,,,,
