tung-i ramen,sandwich con jamon pepinillo,salsa queso crema y hierbas,sandwich con atun queso,sandwich con huevo cocido,guacamole con nachos,porcion de quiche,frances antipasto champignon,aguacate tomate mostaza
 Wheat Flour, ham, cream cheese, mayonnaise, wheat toast, sour cream, flour,mushrooms,avacados
 Refined Palm Oil, brown sugar, salt, lemon, cheese, lime, butter,butter,tomatoes
 Salt, red onion, parsley, red pepper flakes, avocado, chipotle peppers, egg,onions,onion
 Monosodium Glutamate, gherkin pickles, mustard, tuna, salad, tortilla chips, water,oil,cilantro
 Sugar, pickle juice, ground spices, ribs celery, milk, Monterey Jack cheese, salt,shallots,mustard
 Sesame Oil, mayonnaise, garlic cloves, dill pickles, fruit, avocados, bacon,madeira,lime
 Guar Gum, salt, chopped chives, red onion,, red onion, leeks,bread,sugar
 Soy Sauce (Soybean, ground black pepper, onion powder, parsley,, tomatoes, whipping cream,cheese,salt
 Wheat,,, salt,, cilantro, olive oil,parsley,
 Salt,,, black pepper,,, pepper,tarragon,
 Alcohol),,, bread,,, nutmeg,whipping cream,
 Potassium Carbonate,,, butter,,,,,
 Sodium Carbonate,,, tomato,,,,,
 Sodium Polyphospate,,, cheddar,,,,,
 Pentasodium Triphosphate,,,,,,,,
 Disodium Succinate,,,,,,,,
 Disodium 5'-Guanylate,,,,,,,,
 Disodium 5'- Inosinate,,,,,,,,
 Citric Acid,,,,,,,,
 Tocopherols. Soup Base Flavor Pack: Salt,,,,,,,,
 Sugar,,,,,,,,
 Monosodium Glutamate,,,,,,,,
 Pepper Powder,,,,,,,,
 Dehydrated Green Onion,,,,,,,,
 Artificial Garlic Powder,,,,,,,,
 Disodium Succinate,,,,,,,,
 Disodium 5'- Guanylate,,,,,,,,
 Disoidum 5'-Inosinate,,,,,,,,
 Bonito Powder,,,,,,,,
 Artificial Flavors (Soybean,,,,,,,,
 Wheat,,,,,,,,
 Lactose,,,,,,,,
 Disodium 5'-Inosinate,,,,,,,,
 Disodium 5'-Guanylate,,,,,,,,
 Monosodium Glutamate,,,,,,,,
 Salt,,,,,,,,
 Silicon Dioxide),,,,,,,,
 Soybean Oil. Oil Pack!: Refined Palm Oil,,,,,,,,
 Shallot,,,,,,,,
 Tocopherols.This Product Contains Wheat,,,,,,,,
 Soybeans,,,,,,,,
 Sesame,,,,,,,,
 Fish,,,,,,,,
